time,addr,txid,value
2020-02-15 18:42:28,['3QhHo5Y2odxP6ysLya5YvUQZMxyFDxyYjL'],f9aaddbc3a7fd1079e4418dc2b0a8be76caa42c4127819c75d3c7db483bb7692,99.99992736
2020-02-15 19:23:47,"['3QhHo5Y2odxP6ysLya5YvUQZMxyFDxyYjL', '386CZDgNYSpmeK6LYfpQAQdwUSE4B27dBD']",2aa53732be0c221f78dd33a23f707fa70275573acc897311cdb766ed94575477,-60.00005344
2020-02-21 23:23:41,['3Fg8XtjXwTTtPNqwt3N3tuGtD24oRkjUwh'],fd19a8bf43f28a4437eea895862e7181ead4ed03e233f547c9849ad94dd155b0,0.001
2020-02-21 23:29:50,['3Fg8XtjXwTTtPNqwt3N3tuGtD24oRkjUwh'],5746c9b84fd7999e603d896a49cf575d8fe89fa5c7f90ae22be77152fe8450cc,0.999
2020-02-21 23:43:52,['3Fg8XtjXwTTtPNqwt3N3tuGtD24oRkjUwh'],c44c983751baed08a1364108fbeebd2441649d12034c6faeb9a6d317d743c856,9.0
2020-02-27 00:53:36,"['386CZDgNYSpmeK6LYfpQAQdwUSE4B27dBD', '3BZ7nCQ7wHxbzKQeGCwkkFQjY6CVuetnhD']",96783e3b6e405410a4c1677dc98b09836abafccbfe33e1064a0463162ee61046,-10.00003841
2020-03-04 19:03:20,['32RLGxLjwEvcaT7r3afgZQskYfZ9bqxHHm'],54f55be92d7424880981bb25c01992b6bbff13da1e47a08699604116d2ca90de,9.9999784
2020-03-06 18:34:16,['3B5BKg2oYxnLw274V1Eg2sVB9tUdmQyTxd'],6e34edc5a5b63aedd3547bf08448cd2701ba6b1ab923547ed3e7fc5b94f832be,250.0
2020-03-06 18:50:35,"['3K5YEQdvztNK1HRyF6tFk3ApkiEYHgSuEt', '3BZ7nCQ7wHxbzKQeGCwkkFQjY6CVuetnhD', '3B5BKg2oYxnLw274V1Eg2sVB9tUdmQyTxd', '3Fg8XtjXwTTtPNqwt3N3tuGtD24oRkjUwh', '32RLGxLjwEvcaT7r3afgZQskYfZ9bqxHHm']",0c992ba21e8994a8f10cf17245a39ffe44d0d0c4f62be97adcee357200663302,-70.00014421
2020-03-06 19:07:01,"['3K5YEQdvztNK1HRyF6tFk3ApkiEYHgSuEt', '33nAduHecLzhS1Tudbm7beAi9fADCraqAn']",b3ed3ccba11424ccf1cc0c3c19353f050d1b00bae792d6a48b65d2c17127acee,-70.00003841
2020-03-09 20:40:24,['32XHx5Nd3m8EDjN21u9ranXiyyiB6F3ofn'],59c53fd1c4bbeb36d77459b2b38b8257b1093efe7a76e0797bf234de90c78d19,12.0
2020-03-09 20:40:24,"['33nAduHecLzhS1Tudbm7beAi9fADCraqAn', '3K2LXbZt2fWNw4SR4knzUocsx7nbGhsHQA']",d14549726fe9c730a3cc1d976e661ee12fc214cba131fdcd844cd59fdf172164,-12.00004008
2020-03-20 21:37:54,['32gHBrMd6GQ3j7SCxGyNfmuqUAGDb2VBq2'],53dc175ac0eef011e090f428ff65697ed2bfcdcfd70e0041f7d2c85435fa4e5c,18.501
2020-04-07 00:05:07,['3HoGLU3YdXYrfg5U9DGK18fG8e3uT7weZv'],8428aea72b38989cf4175dea34dd67496902dbec477a11ba16094b1795771d7f,16.0
2020-04-07 00:05:07,"['3K2LXbZt2fWNw4SR4knzUocsx7nbGhsHQA', '3NP4oizV2nyp9uLrfirm2keikHH9JHnv8B']",4d12ab64e27651074a90b47cd1b05758f01d3ae7de958100cccae35c52c0b0c1,-16.00002672
2020-04-26 20:19:40,['3QCyFwnpE44NbGWy63oieKKKUuTq8DTZGm'],bd1ae53a11c7966d996ddf643765428d8ced0804800e56664841c08dd98849fb,28.0
2020-04-26 20:35:30,"['3NP4oizV2nyp9uLrfirm2keikHH9JHnv8B', '38HzZtANLhqtpDmG9YezJJvkjrdgKzh452']",b8c3a0df1f92991a6aa6eb598b52d8883ade152d9a1617dcd372ff1539687a05,-28.0000501
2020-04-29 19:19:53,"['3BZPwTJvssTAZ6krzBKhqSnBGABFQqVfhv', '38HzZtANLhqtpDmG9YezJJvkjrdgKzh452']",f403a1110ce56e652e642da5836722b6adf000da1d4c94235cb833e157e080ca,-0.01007348
2020-04-29 19:35:18,"['36k5jytw1zxY5izu45UJ5LWkAepj7kCFXr', '3QCyFwnpE44NbGWy63oieKKKUuTq8DTZGm']",cfb162f7562dea276bedd2e4cff0d42cf6c0bbdca6b2577cbb2b34ab8e776bfd,-0.01007515
2020-04-29 21:29:05,"['3BZPwTJvssTAZ6krzBKhqSnBGABFQqVfhv', '3KmpZXKzR6UAMX4UowkjMzTTGRhJcQDS2U']",2c88e305fdffbf430160c5745253d93b7307b3a0a54fd0cf11bce970948ffeed,-0.01007348
2020-04-30 22:11:30,"['3Amc3CRjbmaRxDrRBzdo9YFcd1oxdnesFx', '3KmpZXKzR6UAMX4UowkjMzTTGRhJcQDS2U']",582c49e0908741c059db995dac44166ae1e69abc36fbdf2dfaa4814ea08c6bc5,-100.00016867
2020-04-30 22:58:29,"['36k5jytw1zxY5izu45UJ5LWkAepj7kCFXr', '32gHBrMd6GQ3j7SCxGyNfmuqUAGDb2VBq2', '3FP53hX4442C2NWj3mg6gNqK37c4wbQMy4', '3HoGLU3YdXYrfg5U9DGK18fG8e3uT7weZv']",0ed9f3df8dd679ac2e1ec9ea3ce8ec194c56c0f7849723d6ba544f2f4aa2f9d4,-60.00035451
2020-05-01 14:36:01,['3QhHo5Y2odxP6ysLya5YvUQZMxyFDxyYjL'],bad6528e4b88642b62308907c638cef251bba5055ec4f81fb2605ae723465e8a,79.58214114
2020-05-01 14:41:38,['3QhHo5Y2odxP6ysLya5YvUQZMxyFDxyYjL'],e670e6df5c41124212773b5593dcc9c0dd3efb68add04c8d7ae02f912a3356e2,69.07076354
2020-05-03 20:19:53,['3EnqtxJupHWsGu8K5Ybkq1SfPSSx2FwUBg'],c5236c1fcc4867095d5e0839eba4472eed047ada6881545e203d5b42252a42cd,68.48831
2020-05-03 20:19:53,"['3QhHo5Y2odxP6ysLya5YvUQZMxyFDxyYjL', '3DeLccAXsLTCQE7rBQb2MG4e3Ao9tBfKCy']",17728eefb6cab53388b33a70e3ff2816464c8e827d9d3b032160ab6d70b7ba4a,-100.00017871
2020-05-04 13:20:40,['3QhHo5Y2odxP6ysLya5YvUQZMxyFDxyYjL'],a2d1ce382eb579bb50f039bb253060aafbd0ce58e8d6837c2af700fc8e7bb49c,139.76341215
2020-05-09 19:20:10,['3Dzvkg8wL8vjUq1pzC9y8Mb9tVso2CtzHd'],c5fc5cd22c553207714ac3fa6f51645d47be707b6d51226daaae5b21e0832483,26.21092
2020-05-16 18:37:40,['3FhLCm5ugbjATA6XFVh54RJESzomGCU7Af'],638a839af00c3d2256a0e272f63500975dffd7c1d22eefeda5c62f92b5910ff4,10.95
2020-06-06 03:39:49,['36h3MqTkJPpygkJjGmcQRBEgC5t8Hn3rge'],d3c7a8a9f501460c6ed196711c41d9ffc57aa2808dc04bdfd0a6d68bde727615,126.7892
2020-06-06 03:57:19,"['3QhHo5Y2odxP6ysLya5YvUQZMxyFDxyYjL', '3JsrRE5gZwD8UUH24U1Vk5KTGK67vFvRZ7']",5d3c3a2827f01d110c2299c99f908b7ee6f9b49c402272431400c95a0394e8f2,-0.01008183
2020-06-06 03:57:19,"['3GRcyckxF4PjSgpgugxghQk7tyap4mhNZ5', '3EnqtxJupHWsGu8K5Ybkq1SfPSSx2FwUBg', '3DeLccAXsLTCQE7rBQb2MG4e3Ao9tBfKCy']",d5e67679e29b53bec55b981ab9d1c472164d710820e5347b12c622f2e730b64b,-74.99012691
2020-06-22 21:02:11,['3HERM2YAtwgvmbeR9X8K6Hsfn7BuWCP6Hm'],61e709fb96f1feaec22a2d4667b0c1f783767ee3821e77ba9f96099a23b301a0,16.04101409
2020-06-22 21:33:51,"['3JsrRE5gZwD8UUH24U1Vk5KTGK67vFvRZ7', '3Q7LoBWVJwgzPFas51KmyDpDHYeLSRc86D']",a3d1bf00172683e3a27e6ee340c6979d3bddb21b8122bf54a332fa824167320a,-50.00004509
2020-06-22 21:33:51,"['3BFqqqvwMGYEuPt2RLfpRag4fyJAuBcHXU', '36h3MqTkJPpygkJjGmcQRBEgC5t8Hn3rge']",8096a6bce9c31406443fcb84b4704cf085fe0878251a47e523c38133c018eaf5,-30.00004509
2020-06-26 03:31:21,"['3BFqqqvwMGYEuPt2RLfpRag4fyJAuBcHXU', '3HqaDTmRPFgi4qn4WXYdKRgg1djxxPYvJg']",f5c3c4a868cc26185528fe983000b498d4382fccc870725e382f143c85f82bf4,-0.01005344
2020-06-26 03:35:16,"['3HERM2YAtwgvmbeR9X8K6Hsfn7BuWCP6Hm', '3FP53hX4442C2NWj3mg6gNqK37c4wbQMy4', '3FhLCm5ugbjATA6XFVh54RJESzomGCU7Af', '3GRcyckxF4PjSgpgugxghQk7tyap4mhNZ5', '32XHx5Nd3m8EDjN21u9ranXiyyiB6F3ofn', '3Q7LoBWVJwgzPFas51KmyDpDHYeLSRc86D', '3Amc3CRjbmaRxDrRBzdo9YFcd1oxdnesFx', '3HqaDTmRPFgi4qn4WXYdKRgg1djxxPYvJg', '3Dzvkg8wL8vjUq1pzC9y8Mb9tVso2CtzHd']",e602acde5e4f6b603b78d5171f8372000a3d9d33263617dc4970add38c494f90,-300.35499895
2020-06-30 00:16:08,['34f9z3us96TTZDW6WvYFF8FT8rNiQ7Tqar'],f7cf722328c1ae1fb0ae2c2f29c1ae60a2079f9880a33ea5d61810cdf1067525,14.11
2020-06-30 23:40:29,['3PHUrdTVy31qBg7y3FnW3QMSgSuwEtLmcC'],c4dee6896550eccff0dedb54a01599550bcc7e76f92f1f02427fdcf843cf8d36,59.94
2020-07-16 23:46:56,"['38cL5reDeqr3ANxuNH4YiJhBVrArs9RW2y', '3PHUrdTVy31qBg7y3FnW3QMSgSuwEtLmcC']",828794692f02d033bcca208b62699fb791a57397a6ce58de409f1c985a11aeaf,-58.00011523
2020-07-22 00:24:39,['3C3JeSotgvokzszrcU3VSnm8oGPVH7KBrg'],61a0dfedac8a34576c9d0b0c989ecdcef9f22b26d4d4230c95512aa9a7e51d44,12.095
2020-07-29 20:56:13,['36C31DQDd5QDCP6hdPpWcC9aZsHTeNtAj4'],dc263a9ba57c680dd2be6e1560593be77c9657cb73eff5a14ec7a2f34a447d10,13.04451929
2020-07-29 20:56:13,['36C31DQDd5QDCP6hdPpWcC9aZsHTeNtAj4'],173689b4b6b57be4659a8839d9e8f1b8e73aa39624eea4e06aad5b8a394adb9f,0.01
2020-07-29 21:19:17,"['34f9z3us96TTZDW6WvYFF8FT8rNiQ7Tqar', '3EfMC9obe96YGZVvqrzcxpmHMXDNUF1uEA', '3C3JeSotgvokzszrcU3VSnm8oGPVH7KBrg']",6e1033640e100aa54bfc64e1442ffa10907c0298e3c4b406aafb2f092bfc4a8a,-16.00044807
2020-07-30 14:09:36,['36h3MqTkJPpygkJjGmcQRBEgC5t8Hn3rge'],c08ec6be9f12fdd7cc213307df01e1e3313e6f3cceb3fe82b5128c2fcd457b3a,1.42e-05
2020-08-03 17:35:27,['36C31DQDd5QDCP6hdPpWcC9aZsHTeNtAj4'],88c5806b7a79c6a41bbc3870cc6beb27d07ff683a5e219e32392a35259f10652,59.36915341
2020-08-03 17:59:17,"['38cL5reDeqr3ANxuNH4YiJhBVrArs9RW2y', '37jq49ZQXsdzzW2NSCbgH6uLd7WGp8aTz9', '3EfMC9obe96YGZVvqrzcxpmHMXDNUF1uEA', '36C31DQDd5QDCP6hdPpWcC9aZsHTeNtAj4']",fd8acf39ad516c4ae65110c1f017181cec3252f417cdf3527422d6941b611f90,-30.0008025
2020-08-04 17:17:06,['36C31DQDd5QDCP6hdPpWcC9aZsHTeNtAj4'],118fbcd0a90e2d3b3e94a0c31c6ffe804f2d58370a5233d045b7b84794d24329,8.14271925
2020-08-05 17:44:22,['36C31DQDd5QDCP6hdPpWcC9aZsHTeNtAj4'],e17b04988d97d49b64f7153909adb638ae12d69787b13a0c004e90c416f54a4f,10.24646143
2020-08-08 16:20:41,['36C31DQDd5QDCP6hdPpWcC9aZsHTeNtAj4'],dd76df8182f2c231bd3ac4c2e0f89534be2da860e78a8f2f809ed47911b4aba5,12.79434929
2020-08-08 16:20:41,['37V1UK4keh3gR34K35snydF7H62s5BQyGX'],806140e00fd6b6b702793deb6a580a0f35cb923247909941553ab74f8ef13e1c,31.01
2020-08-08 16:43:57,"['358awTr19kJMQqBrAorvXuWRCWshrQnkVv', '36C31DQDd5QDCP6hdPpWcC9aZsHTeNtAj4', '37V1UK4keh3gR34K35snydF7H62s5BQyGX']",addf02ae8dbe551959f9331d0290c9c078e4df0eb1584c564f42665801aa215c,-21.90050193
2020-08-08 16:43:57,"['3Hvk7qPgshHZW8w1etcgr3mfPNfVooYMqz', '37jq49ZQXsdzzW2NSCbgH6uLd7WGp8aTz9']",1bd0c14810dc50b75dd1077f2510aa62eff98323e9a01595ace9d0f37b5dcd7a,-21.90023881
2020-08-13 01:19:08,['36C31DQDd5QDCP6hdPpWcC9aZsHTeNtAj4'],4acfce48e2cfeb03b5c309ba6d2669f30fdb54b147c002d46582d115c0a76b32,20.19945079
2020-08-17 16:46:32,"['352rnCueA4ASDdbW3h2fprGhgEezTNwJt9', '3Hvk7qPgshHZW8w1etcgr3mfPNfVooYMqz']",660826f3dd60e05e7ceda319e2bbb2afe8102944dbf54ed7d0341481943760dc,-0.10015548
2020-08-17 17:08:47,['36C31DQDd5QDCP6hdPpWcC9aZsHTeNtAj4'],1299693121e3afad0c107c43ec95f9fe783e2205d427c5b199e301e59b3f0006,15.02400897
2020-08-17 17:08:47,"['352rnCueA4ASDdbW3h2fprGhgEezTNwJt9', '3Q8wtBRWH37rUnb2wNn6uFvGuq98QYAQDu', '36C31DQDd5QDCP6hdPpWcC9aZsHTeNtAj4', '358awTr19kJMQqBrAorvXuWRCWshrQnkVv']",86d373023c41554f852a8b3e2bd19a26b8767a5af0a87bd0e54ae5fc2fb1dc5a,-73.90035653
2020-08-18 16:39:22,['36Sd4cU4YsQpkMYJ6nrdzFHAFjQHRJRid2'],bb8b242748532180300c139e0e1f37f73f218a33f48e3e6084f40adfe9309391,0.000424
2020-08-21 17:06:30,['36C31DQDd5QDCP6hdPpWcC9aZsHTeNtAj4'],158f0946e95c72d87d25294f896e5cc9f46dd0d6256a73c45227642454a38599,12.60983232
2020-08-21 17:37:12,"['3KtEFL9SXpDQxp5W8SZ9DEVutc3pqjzVrP', '36C31DQDd5QDCP6hdPpWcC9aZsHTeNtAj4']",129e814d8d0e2d8f7c9e36fe4f44eaeecc703b3726aa690e279d4dc68345ecae,-0.01023881
2020-08-21 17:43:50,"['3KtEFL9SXpDQxp5W8SZ9DEVutc3pqjzVrP', '3BS1iuRtq6fHJWR5hA5a535kGf4JRwYW9k']",ac80f6282137e150495977dead0417274a0cd58b2320fc456656f4ff4239951f,-9.26023881
2020-08-26 17:32:47,"['3ETb8pBTDQWHkakuAhUMSCDxmfFkSEAApP', '36C31DQDd5QDCP6hdPpWcC9aZsHTeNtAj4']",320975d46b41e99da0c48a3f952b3c622fbbbdf0aaeb65f6049da1bf3aa66870,-23.00026159
2020-08-26 20:15:24,['3M7iFP52r1dqkw32DZ5dZXJXVoqATyNy3P'],0f8caad6f4cd8222dc4ff1243c57787d2731d33ca0e1130b32c56633875e40af,0.01
2020-08-26 20:38:27,['3M7iFP52r1dqkw32DZ5dZXJXVoqATyNy3P'],8df8e22ddfd6bfcd48ab679f9e9e9d9e289d7d12fcc8489ecf36bbbb8ff6d85f,24.99
2020-08-26 22:02:36,"['3PMTFUY47btxzcRhq5ERYTcSKxPTyufKkX', '32wmfDJYsYPmVyAXWpr65pB6omJJ1JUJpq']",1855d4d4c2bce7509739bbbe63fbee4cb0342ee161486efde7e4e22dc45d3798,-10.00016867
2020-08-26 22:02:36,"['3Q8wtBRWH37rUnb2wNn6uFvGuq98QYAQDu', '3ETb8pBTDQWHkakuAhUMSCDxmfFkSEAApP', '3BS1iuRtq6fHJWR5hA5a535kGf4JRwYW9k', '36Sd4cU4YsQpkMYJ6nrdzFHAFjQHRJRid2', '3PMTFUY47btxzcRhq5ERYTcSKxPTyufKkX', '3M7iFP52r1dqkw32DZ5dZXJXVoqATyNy3P']",30b4b70dcd9ca60fdbb6a68b9f11b2fbb44f9c4f646a65d41148735e52bf6a47,-15.00063327
2020-08-28 17:54:39,['bc1qgpl339pzf7h3ymzkln3zulhxyfrhad66qythgj'],ddb5eabff6215d0ce8e90d04eb95faf2f1989bf78800c6c1f7035af42bf582df,0.001
2020-08-28 18:55:07,['bc1qgpl339pzf7h3ymzkln3zulhxyfrhad66qythgj'],2bed5ee850561a869f8f5847fbaa5c9610f621263f536043392310bb29b953cf,6.37974158
2020-08-28 19:57:16,['bc1qgpl339pzf7h3ymzkln3zulhxyfrhad66qythgj'],3ea556ec823b59d2ce7ad764fd30f89edc1f6174f75e786683b82ed4b4f7a61e,-6.38074158
2020-08-31 13:13:08,['31ywnoPZgWcZ76QaCKixuMXkCywgAWrs1o'],9606f294e23c519c9281ccd14a06a1ede3be6f1be5f192d6953b86399c9c5017,80.4985283
2020-08-31 15:16:44,"['3GZmuQTPs9mBoGUKH97tiSfLZhdaWsyfg6', '32wmfDJYsYPmVyAXWpr65pB6omJJ1JUJpq', '31ywnoPZgWcZ76QaCKixuMXkCywgAWrs1o']",93ab935397dd5afe7284c94891a939540bd9bdbbfb047ee3c97007cfb0c39c98,-80.50021497
2020-09-02 18:07:35,['bc1qgpl339pzf7h3ymzkln3zulhxyfrhad66qythgj'],77df240b2891d8467a0ca21c6d6d9e4a94b15ef213e9e9830e5112f41c0a6b90,24.9998296
2020-09-02 18:12:14,['bc1qgpl339pzf7h3ymzkln3zulhxyfrhad66qythgj'],4adf484477366c14520e85f4a0a5a5c34f6a428e5199c240b5f02d09c01cc9f9,0.01
2020-09-02 18:12:14,['bc1qgpl339pzf7h3ymzkln3zulhxyfrhad66qythgj'],8af4239ef6ba9d7fb58d6a4a3fba14506b62bb1d49df84f74a19b2de958a9244,14.50960442
2020-09-02 18:12:14,"['36h3MqTkJPpygkJjGmcQRBEgC5t8Hn3rge', '3BD6gQqtpVYfeVaQfQWVKYdujeHCmuzayx']",8af4239ef6ba9d7fb58d6a4a3fba14506b62bb1d49df84f74a19b2de958a9244,-14.5098824
2020-09-02 18:12:14,"['3GZmuQTPs9mBoGUKH97tiSfLZhdaWsyfg6', '3BD6gQqtpVYfeVaQfQWVKYdujeHCmuzayx']",4adf484477366c14520e85f4a0a5a5c34f6a428e5199c240b5f02d09c01cc9f9,-0.01020418
2020-09-02 19:22:09,['bc1qgpl339pzf7h3ymzkln3zulhxyfrhad66qythgj'],9b18d20af780b9f07ad46334884c03d62946d037e01ff17062d9e09c6cff4b21,-39.51943402
2020-09-04 05:49:34,['bc1qgpl339pzf7h3ymzkln3zulhxyfrhad66qythgj'],afc9b6ad4fae50210d424d64327ea7d30674d094ce9285cd36d05898bbab379a,171.00245892
2020-09-06 18:26:24,['bc1qgpl339pzf7h3ymzkln3zulhxyfrhad66qythgj'],44ee12fa8acbeeaa9d3c2568b37e9c805bd980cf3b8c5efd27f09f044e5a0319,-171.00245892
2020-09-06 20:12:45,['bc1qgpl339pzf7h3ymzkln3zulhxyfrhad66qythgj'],729aa30c502fff824af264240df5884f1798ada8458aa84544b52a8c162c29cd,3.77002397
2020-09-08 04:19:48,['bc1qgpl339pzf7h3ymzkln3zulhxyfrhad66qythgj'],9a6e5fcc023c725951acda3b131f4e4d219a49c72cc329a5c7d9a522c8f54af1,-3.77002397
2020-09-08 04:19:48,['bc1qpdnegdpanatyh4m3tty7kexeu9m3jc52ll6l8f'],9a6e5fcc023c725951acda3b131f4e4d219a49c72cc329a5c7d9a522c8f54af1,-61.23030295
2020-09-14 18:07:02,['bc1qpdnegdpanatyh4m3tty7kexeu9m3jc52ll6l8f'],ef527e76fd396c9414509fc8373e483b8df7c14c1019bb027cb2830ac2b65cdc,6.15343194
2020-09-14 20:15:36,['bc1qpdnegdpanatyh4m3tty7kexeu9m3jc52ll6l8f'],cbcb757903d20d598236e7c95eb80d60c616ca688db4433819f848b1077f4760,-7.44447948
2020-09-14 21:46:31,['bc1qpdnegdpanatyh4m3tty7kexeu9m3jc52ll6l8f'],215a38d55a10a0b3d7d8553c9b71bb26a2223e11f3e29e52a8feaf25578ba787,19.41122337
2020-09-16 04:05:32,['bc1qpdnegdpanatyh4m3tty7kexeu9m3jc52ll6l8f'],7a980773f26aecd3712a55bca21323571972df35f23576341bcfffe6ba5c922e,-19.41122337
2020-09-16 16:51:40,['bc1qpdnegdpanatyh4m3tty7kexeu9m3jc52ll6l8f'],ed03f0299261546e7bf86b94dcf115204dfcdd9707d2cdbac606a8df9bd0ef68,17.67891233
2020-09-18 05:14:49,['bc1qpdnegdpanatyh4m3tty7kexeu9m3jc52ll6l8f'],0678102555866e6cb7bfa6dbb1264f530a9885294da4e842846ccaada6bbb06f,9.69528473
2020-09-23 19:19:54,['bc1qpdnegdpanatyh4m3tty7kexeu9m3jc52ll6l8f'],c44330198b28bf12bb1fba6d85bc56526c3ba371b7283d07bf0d66c0f649e209,3.05796731
2020-09-29 21:20:24,['bc1qpdnegdpanatyh4m3tty7kexeu9m3jc52ll6l8f'],27abc22cb03ad402ba884a0120d2295f06e392f9c53e73b00782796cf2b41bc7,2.76449766
2020-10-02 01:02:28,['bc1qgpl339pzf7h3ymzkln3zulhxyfrhad66qythgj'],4028636b59f2cd64299564342a4eb0d0e41a93e1bfc0261454cdac04874c9ca3,0.01
2020-10-02 04:12:37,['bc1qpdnegdpanatyh4m3tty7kexeu9m3jc52ll6l8f'],5155040252a039726de9fe721df6769d6117d7433517ae899aa73ac1f7e0bc69,2.48362733
2020-10-02 04:29:00,['bc1qgpl339pzf7h3ymzkln3zulhxyfrhad66qythgj'],33475aabc009733ca8990cc683fdb38d3e083dc3e4899ad5cf81d340bfa635e4,-0.01
2020-10-02 04:29:00,['bc1qpdnegdpanatyh4m3tty7kexeu9m3jc52ll6l8f'],33475aabc009733ca8990cc683fdb38d3e083dc3e4899ad5cf81d340bfa635e4,-0.00022826
2020-10-02 04:34:31,['bc1qpdnegdpanatyh4m3tty7kexeu9m3jc52ll6l8f'],9c7dfe919cb272ea01092eccad401d93b3fbda664af6c937b0dce48ac816d00e,-35.6800611
2020-10-07 19:13:57,['bc1qpdnegdpanatyh4m3tty7kexeu9m3jc52ll6l8f'],59df88aa5bae8e7672bf372edf5a1915354342c4edb3cd63587d2224c37edd12,1.18692141
2020-10-07 19:40:06,['bc1qpdnegdpanatyh4m3tty7kexeu9m3jc52ll6l8f'],144637111d2f972aaf8fd0661d0875d39339581fcc81c3d482b376beb6f9fe05,-0.19017898
2020-10-07 19:40:06,['bc1qpdnegdpanatyh4m3tty7kexeu9m3jc52ll6l8f'],c8318e81f4d7540cf572bcfc3e0e3f7bd6aac11fe285e76a8a72375158101a6f,-0.01019311
2020-10-07 19:40:06,['bc1qpdnegdpanatyh4m3tty7kexeu9m3jc52ll6l8f'],7b8e1892b5be88b1800fa84154d3fad28bad965416180ae19a677ce21bdf42e1,-0.01019311
2020-10-07 19:40:06,['bc1qpdnegdpanatyh4m3tty7kexeu9m3jc52ll6l8f'],b82a2013423540d21af0b15262f30a18ca1006f568c6141f678f95af7ba2791d,-0.01019311
2020-10-07 19:46:34,['bc1qpdnegdpanatyh4m3tty7kexeu9m3jc52ll6l8f'],9c7042486b52dafdddfafb3a75e9f92d28a811481b8a7d126111008f419d5a4d,-0.19018526
2020-10-07 19:52:14,['bc1qpdnegdpanatyh4m3tty7kexeu9m3jc52ll6l8f'],c8b17da60c1260b8db0400f79a091a52bbf8f29ff0b6308afaf2470fd82d99e8,-0.19017898
2020-10-07 19:52:14,['bc1qpdnegdpanatyh4m3tty7kexeu9m3jc52ll6l8f'],d9185bbe763ab300feebbe6928264a59b10966330fc4474ff3bacf33091f3307,-0.19017898
2020-10-07 19:52:14,['bc1qpdnegdpanatyh4m3tty7kexeu9m3jc52ll6l8f'],4833b8be15f1bc1b197b66d0bd2b4eea9de5a1af9520653e602cbd5af481e44e,-0.01018526
2020-10-18 22:27:29,['bc1qpdnegdpanatyh4m3tty7kexeu9m3jc52ll6l8f'],2ee54f2ffd101db2f72f963cbcef1eedfc5856b8bca5c225c8aca41ba6254f60,1.7518246
2020-10-19 18:33:30,['bc1qpdnegdpanatyh4m3tty7kexeu9m3jc52ll6l8f'],8fcdf53ee09963a6a2a86813783f921dd834b09884b34499fed52aed3c9d7438,-0.0100942
2020-10-19 18:38:25,['bc1qpdnegdpanatyh4m3tty7kexeu9m3jc52ll6l8f'],2d6b6c2f83b42c4513b5c91fb1c42db58851b30b1f36739904dd8c14efdf5f7e,-1.9901356
2020-10-20 22:34:01,['bc1qpdnegdpanatyh4m3tty7kexeu9m3jc52ll6l8f'],0b1d88e1f9fe57f5bec1eb5f0a8d449f32ff77f17b982739fee939b61004a0d3,5.50274792
2020-10-22 03:27:52,['bc1qpdnegdpanatyh4m3tty7kexeu9m3jc52ll6l8f'],512c9eb2a564924adf32d251839cc0bb4687e95571fab8f9f604c4093da30e0f,-0.01020881
2020-10-23 19:01:47,['bc1qpdnegdpanatyh4m3tty7kexeu9m3jc52ll6l8f'],2acc19664f13ce7034d6422abcc64998f2055f114d7bc40dbf6097f4d373f06b,3.3586928
2020-10-28 16:19:55,['bc1qpdnegdpanatyh4m3tty7kexeu9m3jc52ll6l8f'],27ccc04aad37feae3013dbde5c4b57f139ca9e17d93aab5b5cff0b7d23d5dbd3,-0.00048779
2020-10-28 16:19:55,['bc1qpdnegdpanatyh4m3tty7kexeu9m3jc52ll6l8f'],2108a44cfe82a973a762117698ef1f04d1a1b6c8fd554399c7ab8d50e9a6f44f,-0.00048779
2020-10-28 18:42:55,['bc1qpdnegdpanatyh4m3tty7kexeu9m3jc52ll6l8f'],63e34565092073533a2d614a06c437fe9eb0ea8cba6cd1caa89158e4ec8fe504,-0.20030349
2020-10-28 18:42:55,['bc1qpdnegdpanatyh4m3tty7kexeu9m3jc52ll6l8f'],9b69383e512708c70b01760c3e16e2a5ee350904ddfba4907855fc60e7fde4cc,-0.50048082
2020-10-29 02:17:42,['bc1qpdnegdpanatyh4m3tty7kexeu9m3jc52ll6l8f'],f57226b5cffbf61d33d2dd12c82574d5bb2ced321967369edcd5cf6448577832,-0.00049721
2020-10-29 02:23:09,['bc1qpdnegdpanatyh4m3tty7kexeu9m3jc52ll6l8f'],1b60ec8b9a87e9aceacb10b349147222fc03d9cf24f9c2111e74bf1fd406794e,-0.30029878
2020-11-02 22:33:28,['bc1qpdnegdpanatyh4m3tty7kexeu9m3jc52ll6l8f'],1a116958aa07ca1fc1366d97efa27743ef44e94bd01ae93de162816260615c18,0.99225851
2020-11-04 17:11:46,['bc1qpdnegdpanatyh4m3tty7kexeu9m3jc52ll6l8f'],a5a6f250e94bf3946b7556dcfb3e4b817a458ac66e7e0d73b9372814e4a8c331,45.62177233
2020-11-05 15:37:24,['bc1qpdnegdpanatyh4m3tty7kexeu9m3jc52ll6l8f'],9c4dce518a2a268acd36cb5edce481b235e0f8d7f2dbeac2d4a8cde99848cf61,3.5590692
2020-11-05 16:23:49,['bc1qpdnegdpanatyh4m3tty7kexeu9m3jc52ll6l8f'],87e6cc149556ab53f8d496e572b2c638f67be0fca3b4210a6bb6583894ca769f,8.55971989
2020-11-05 22:50:39,['bc1qpdnegdpanatyh4m3tty7kexeu9m3jc52ll6l8f'],cf5d44db72f155995b31b76da235d9a73ce8cc880661306e068c75083f0f6c4a,-7.4013756
2020-11-06 13:07:48,['bc1qgpl339pzf7h3ymzkln3zulhxyfrhad66qythgj'],b10719b8e48952c30f5e0487b9816a773dea1a442419bbb22a2d5630ecd09ce8,26.33
2020-11-06 13:07:48,['bc1qgpl339pzf7h3ymzkln3zulhxyfrhad66qythgj'],c61bc652d89541bd712de568b5b94c11cfe8f5c4d323d5eb9d13f2018ab6f0e8,42.8
2020-11-06 13:07:48,['bc1qgpl339pzf7h3ymzkln3zulhxyfrhad66qythgj'],d33bd76028ada4cd58bab35a77d0c01d6ebb40396f2d424e11ee8ff366018233,50.87
2020-11-09 17:10:22,['bc1qpdnegdpanatyh4m3tty7kexeu9m3jc52ll6l8f'],1ebb51ff3d77deca934ac24857cf7545f9e97195ac41a871d89cbfe96402a863,3.20959164
2020-11-09 18:01:38,['bc1qgpl339pzf7h3ymzkln3zulhxyfrhad66qythgj'],c072a815e0fcfacb3773d1a56dd89f9830dd8bddb7eaac09c032eda4900c58ec,0.00014018
2020-11-12 15:30:18,['bc1qpdnegdpanatyh4m3tty7kexeu9m3jc52ll6l8f'],d55620f471cec1e446b757175087ee5663d459e0fb1d633bfb9a85112c6e9f55,8.46233952
2020-11-12 15:42:32,['bc1qpdnegdpanatyh4m3tty7kexeu9m3jc52ll6l8f'],46d5803ea98f94dc2f2c48f945c0a8c76ac444d3a56771a5989e2aea35944598,4.1105168
2020-11-16 21:31:15,['bc1qpdnegdpanatyh4m3tty7kexeu9m3jc52ll6l8f'],4e86628c09dacc540438fc9b159c13b4806735a838e64756796180cdaf68f620,3.0290469
2020-11-17 00:10:36,['bc1qgpl339pzf7h3ymzkln3zulhxyfrhad66qythgj'],44f99ef213c20c0b7845fedb567c12355b0d729cf5bdaa7aa102526cf40a2449,-26.33014018
2020-11-17 00:10:36,['bc1qpdnegdpanatyh4m3tty7kexeu9m3jc52ll6l8f'],44f99ef213c20c0b7845fedb567c12355b0d729cf5bdaa7aa102526cf40a2449,26.3285345
2020-11-17 03:35:24,['bc1qpdnegdpanatyh4m3tty7kexeu9m3jc52ll6l8f'],15ab6624730d0a91645a69276785ea29e3b989a5cdc02f06e20793428875a7cc,32.29874118
2020-11-17 03:35:24,['bc1qgpl339pzf7h3ymzkln3zulhxyfrhad66qythgj'],15ab6624730d0a91645a69276785ea29e3b989a5cdc02f06e20793428875a7cc,-42.8
2020-11-20 18:05:17,['bc1qpdnegdpanatyh4m3tty7kexeu9m3jc52ll6l8f'],436072a2fbd65cdd1815582cec99898adc1e764fc699029df31f4a3d30b62b8c,50.86886969
2020-11-20 18:05:17,['bc1qgpl339pzf7h3ymzkln3zulhxyfrhad66qythgj'],436072a2fbd65cdd1815582cec99898adc1e764fc699029df31f4a3d30b62b8c,-50.87
2020-11-20 18:21:08,['bc1qpdnegdpanatyh4m3tty7kexeu9m3jc52ll6l8f'],55c226d0b2242dc01a105c2d409a4a0440f1f593cc0aad6cddd80ba43cb3cc92,-8.74924402
2020-11-24 21:56:20,['bc1qpdnegdpanatyh4m3tty7kexeu9m3jc52ll6l8f'],d06ef77e0cc3abe03b86b0270a32a120afe5fa449573f0334d07f103024c4d6b,-0.29913502
2020-11-24 21:56:20,['bc1qpdnegdpanatyh4m3tty7kexeu9m3jc52ll6l8f'],125134f730c5506158290f624cf9b1dcdf1b07f75ff522e3f2c095da5c7108a4,-0.00113502
2020-11-26 18:46:59,['bc1qpdnegdpanatyh4m3tty7kexeu9m3jc52ll6l8f'],c82b07ee0538695e5cf65bbc9689f67e3f6b6e67290cbdc6c6cc0d7bfca57b02,1.45218936
2020-11-27 19:35:04,['bc1qpdnegdpanatyh4m3tty7kexeu9m3jc52ll6l8f'],81d5131e41af5a58eb3ff02f078236570b4029eb64ceb24174a0f23c7dd390b9,-0.94462374
2020-12-03 19:03:44,['bc1qgpl339pzf7h3ymzkln3zulhxyfrhad66qythgj'],7448d4e0e304754fc0c11a68d76f0e0f3acb32edc5d5aa4686248782b3ac3672,0.00068607
2020-12-07 17:57:49,['bc1qpdnegdpanatyh4m3tty7kexeu9m3jc52ll6l8f'],b8885a97449474e20fb6d2d6faf5d8b0c5b5ab0858607d8e4f48660b46bc938e,1.24646832
2020-12-08 23:22:45,['bc1qpdnegdpanatyh4m3tty7kexeu9m3jc52ll6l8f'],245685c7ae18ab922271c90ce631e4fb3b44a827c73d5f4863a72367d8508b17,15.00071584
2020-12-10 03:41:01,['bc1qpdnegdpanatyh4m3tty7kexeu9m3jc52ll6l8f'],d8345463f433c2a068e7f29fbf01931f13f8446058782086c6d01b98a2bc513b,-0.00064841
2020-12-10 03:41:01,['bc1qpdnegdpanatyh4m3tty7kexeu9m3jc52ll6l8f'],cc13c4d90ba8e481ddd60a0760dd3250864bfce512ed1cc5dd99b0de9ce0bfba,-50.27770916
2020-12-10 03:41:01,['bc1qgpl339pzf7h3ymzkln3zulhxyfrhad66qythgj'],d8345463f433c2a068e7f29fbf01931f13f8446058782086c6d01b98a2bc513b,-0.00068607
2020-12-14 18:01:46,['bc1qpdnegdpanatyh4m3tty7kexeu9m3jc52ll6l8f'],38418f8f7bea41b6c32448de2c16d2512289d9184eb840367870a9c49ab266a0,1.29723374
2020-12-14 20:06:32,['bc1qpdnegdpanatyh4m3tty7kexeu9m3jc52ll6l8f'],0c5acf5f1edc72d62c430e80de6dfccf84babd80463058fd527acb4a883e29d4,-0.00120096
2020-12-15 17:32:03,['bc1qpdnegdpanatyh4m3tty7kexeu9m3jc52ll6l8f'],61ef0f60cfa4c83efce92d68298e17ac401a4330cbaa0df16ee4434c16c8b3b4,-0.5192938
2020-12-17 23:11:12,['bc1qpdnegdpanatyh4m3tty7kexeu9m3jc52ll6l8f'],78d8b89055add83ba5bb9f79074faf451f2e53ef9fed58b0b0378fd87bc30448,-0.00123355
2020-12-17 23:44:50,['bc1qpdnegdpanatyh4m3tty7kexeu9m3jc52ll6l8f'],fe5af1a10a493d24bbe248ccd060b9e7a4d46fe73ddadad97e67880241c3b7b8,-94.99963631
2020-12-21 17:34:48,['bc1qpdnegdpanatyh4m3tty7kexeu9m3jc52ll6l8f'],7f2049ab0698ecb9ed5ee152ca55cdcddcc821483c564d74963c403953b2bdac,1.17694461
2020-12-21 17:42:23,['bc1qpdnegdpanatyh4m3tty7kexeu9m3jc52ll6l8f'],16f73f639c66049f6298f30d556980a670d0600502ab2d22ba2ad1e235e86a78,-0.01018398
2020-12-21 17:52:34,['bc1qpdnegdpanatyh4m3tty7kexeu9m3jc52ll6l8f'],47da8f80d65f2b56c7e549f0857056f223f230a15ad7ac014dbd15d65aab737b,-24.99026485
2020-12-21 21:39:51,['bc1qpdnegdpanatyh4m3tty7kexeu9m3jc52ll6l8f'],3d689c3a2ad6416056de56cc90dd10ed1e4af86200b00d8043dcbfd20c02d90f,0.1
2020-12-21 21:39:51,['bc1qpdnegdpanatyh4m3tty7kexeu9m3jc52ll6l8f'],22bf33d0f63755e837fdffc3c5a8eb059019f08c611d43079adbba5fafdea13c,1.85932682
2020-12-22 13:17:36,['bc1qgpl339pzf7h3ymzkln3zulhxyfrhad66qythgj'],166de295e1811dc0880eed717920697ef95dd7b6318e28cb012b09c6cb2208e0,25.0
2020-12-31 17:48:40,['bc1qpdnegdpanatyh4m3tty7kexeu9m3jc52ll6l8f'],83cf84ae3eefadbdfa32e6f8b713e821e38f3b279c336c1dd39c46fd1d29045a,0.28658395
2021-01-05 23:50:09,['bc1qpdnegdpanatyh4m3tty7kexeu9m3jc52ll6l8f'],9f02035ab39be2ff365bbece20079521301e5f5924853ba06c8bf8c9d89726c7,1.64077683
2021-01-07 18:31:31,['bc1qpdnegdpanatyh4m3tty7kexeu9m3jc52ll6l8f'],7c0b86b8e24a2ace9d67385ac3a4b1f9f106169dbc30722339c7ab0794a860fd,-1.00028458
2021-01-08 19:39:41,['bc1qpdnegdpanatyh4m3tty7kexeu9m3jc52ll6l8f'],327ce612930e90a4b29df3fcf3ebeb42b57d22f887162b8381027513182b6737,-0.00115792
2021-01-08 20:01:08,['bc1qpdnegdpanatyh4m3tty7kexeu9m3jc52ll6l8f'],acfa4776fdcb0ad86a454ad0e4dc4f254aaa0b823b9f3cb3b4dcebc484fd5ae7,0.01
2021-01-08 20:11:43,['bc1qpdnegdpanatyh4m3tty7kexeu9m3jc52ll6l8f'],b8dfa282808752b25331aa26f98cde76ee92cda90bf625d3198cc24e499b0f62,38.99
2021-01-08 20:37:05,['bc1qpdnegdpanatyh4m3tty7kexeu9m3jc52ll6l8f'],0b2cba1adb998bb70a0dde76e871f36c24688790165acceac7f039999f6fa20a,-47.93389946
2021-01-08 20:37:05,['bc1qgpl339pzf7h3ymzkln3zulhxyfrhad66qythgj'],0b2cba1adb998bb70a0dde76e871f36c24688790165acceac7f039999f6fa20a,-25.0
2021-01-08 21:23:05,['bc1qpdnegdpanatyh4m3tty7kexeu9m3jc52ll6l8f'],e41789988daee921107a049e3cb97a4c8c031f32ff91c56da3c185ceae00179b,104.49531077
2021-01-10 17:52:53,['bc1qpdnegdpanatyh4m3tty7kexeu9m3jc52ll6l8f'],dd4e47993dfc9e61be3a8f0c9765cccb886a72d00cf9011b4482f067350bd95d,-0.00115184
2021-01-10 18:01:57,['bc1qpdnegdpanatyh4m3tty7kexeu9m3jc52ll6l8f'],54a5b00c86e69309c7ee6b6049e100eaa72e0ee46a3b9dedbf678eca9dcd9808,-0.99915184
2021-01-11 18:23:37,['bc1qpdnegdpanatyh4m3tty7kexeu9m3jc52ll6l8f'],2504347134a4653694171631135d621638f2bffa3425d353702d126126a016cf,0.75724992
2021-01-11 18:52:46,['bc1qpdnegdpanatyh4m3tty7kexeu9m3jc52ll6l8f'],392ce0a549b07c5f5da56c6e5446321097447e55c105c0f7511533c59f811b4f,-0.00118227
2021-01-11 19:26:13,['bc1qpdnegdpanatyh4m3tty7kexeu9m3jc52ll6l8f'],7c57f7f42f8bd1766c8cb745d41456112a160ff6a5e6ad8b84498bbcc8a83f57,-0.00118818
2021-01-11 19:37:04,['bc1qpdnegdpanatyh4m3tty7kexeu9m3jc52ll6l8f'],b4f0b44172672e64e882bae3af424964ba9c03d0fc18c067ec4372331ce6c21e,-11.82844102
2021-01-11 19:53:47,['bc1qpdnegdpanatyh4m3tty7kexeu9m3jc52ll6l8f'],9e64fef6555a06cc1cfc3853d2957caed53ad55784354ce3bb956113cb7e1582,-0.00118242
2021-01-11 20:02:49,['bc1qpdnegdpanatyh4m3tty7kexeu9m3jc52ll6l8f'],a145ac0a5fd71b3f27e22ec3d31308c152a6c47caf75193c315419dc14a40385,-19.15198113
2021-01-11 21:27:43,['bc1qpdnegdpanatyh4m3tty7kexeu9m3jc52ll6l8f'],057c8f5274e9e361a87f7c642d23be7945051379d7719caf5f39262bf6ca18a2,10.55845572
2021-01-12 19:33:38,['bc1qpdnegdpanatyh4m3tty7kexeu9m3jc52ll6l8f'],cb0dfb69ab286c9b182155915fac9765e495e9b4b8f914edd153463ef5cf3fd0,-0.00119206
2021-01-12 19:57:55,['bc1qpdnegdpanatyh4m3tty7kexeu9m3jc52ll6l8f'],1d03426066bce903f1e305c826f61263e6a6bfd838a55b0547aae92d105c90b5,-9.91720211
2021-01-13 18:26:35,['bc1qpdnegdpanatyh4m3tty7kexeu9m3jc52ll6l8f'],2237a1cb5f0cc6c9a573db5ff99030611e7fdc5b09e0a9a1f07c456456a489f1,-0.0101846
2021-01-13 18:52:35,['bc1qpdnegdpanatyh4m3tty7kexeu9m3jc52ll6l8f'],146d7ca5109dff71124e01844ad376e9cae7b61124b49c8148837f15dbb2e50b,-9.99027367
2021-01-13 20:12:09,['bc1qpdnegdpanatyh4m3tty7kexeu9m3jc52ll6l8f'],e1c6575fefffc9fc8fc4f7d4aa6d6578cd2ff72cc4102bb1c9447955481ba762,-0.00118464
2021-01-13 23:10:49,['bc1qpdnegdpanatyh4m3tty7kexeu9m3jc52ll6l8f'],4f4199bf00ad2a0c0324b51bea9aed86034e390d61b035c2b08fa622433de1d4,-15.99918342
2021-01-13 23:10:49,['bc1qpdnegdpanatyh4m3tty7kexeu9m3jc52ll6l8f'],c812d24a3b9083de5401748e99d38016c3cb33cc8c28d0cda38933734c138548,-2.82998471
2021-01-13 23:10:49,['bc1qpdnegdpanatyh4m3tty7kexeu9m3jc52ll6l8f'],8f52169f260cb692777316b0ec432bf97902c792d7388c3f4e24503c03519b21,-0.00118341
2021-01-14 00:08:36,['bc1qpdnegdpanatyh4m3tty7kexeu9m3jc52ll6l8f'],15b8ed6d23eaa981129f93ea299f39574d61ee69fa567e013640d9b9423c125b,-65.00018733
2021-01-14 00:08:36,['bc1qpdnegdpanatyh4m3tty7kexeu9m3jc52ll6l8f'],0bbddfb5ffe2b2e2a97c4a52ad546ca5d51d6f9fe6f6111cc8214edb65a2c6f6,15.99994569
2021-01-14 00:26:35,['bc1qpdnegdpanatyh4m3tty7kexeu9m3jc52ll6l8f'],6f1b1a7d3d967dc36670eacbab3dcb551481b9a2bc39daa03ba70ae8964dad43,-0.00118475
2021-01-14 00:26:35,['bc1qpdnegdpanatyh4m3tty7kexeu9m3jc52ll6l8f'],7e86410ccb6127e32b5b10409c38a1e4d3237f6ea7d4a7539144d0f846fc725c,-0.00118475
2021-01-14 00:30:11,['bc1qpdnegdpanatyh4m3tty7kexeu9m3jc52ll6l8f'],2839d2226bc49fb245ad99c42d4659b8c218e209dbfd3ada633b13f669ca53e8,-0.99918475
2021-01-14 00:30:11,['bc1qpdnegdpanatyh4m3tty7kexeu9m3jc52ll6l8f'],38f01942f08fe62824d9f7627c31baa489d75464c65be3c92deac162d05bb9f0,-0.99918475
2021-01-14 19:50:35,['bc1qpdnegdpanatyh4m3tty7kexeu9m3jc52ll6l8f'],1ce73830dd97a56944510d3d67f082bcc8424de0febb6f2bfe800652e542e359,2.00031759
2021-01-14 23:57:03,['bc1qpdnegdpanatyh4m3tty7kexeu9m3jc52ll6l8f'],7b983641a0efc143269b15b565934e5d6b71bac1b5309dc20f85f7c067a326d1,-0.0011927
2021-01-15 00:14:12,['bc1qpdnegdpanatyh4m3tty7kexeu9m3jc52ll6l8f'],f7cf319d4fcea66d0edce4f71496ff0b229bf25dd35515011b60c88eaa21e583,-0.00119806
2021-01-15 00:29:20,['bc1qpdnegdpanatyh4m3tty7kexeu9m3jc52ll6l8f'],5f5df3760d13026055c19f931449a5b428bf540746b524cac4435eda543d323f,-0.99919884
2021-01-18 18:53:59,['bc1qgpl339pzf7h3ymzkln3zulhxyfrhad66qythgj'],f7d453f97e4758a6cb593214bf05658b6dfc6c8cc0965dca4e48e530e6a2fa49,0.001
2021-01-18 19:16:15,['bc1qgpl339pzf7h3ymzkln3zulhxyfrhad66qythgj'],412ec07bed4dcac82781908f02aba012a3f0cd56223cff7a73c087fef2556058,5.36037333
2021-01-18 21:48:58,['bc1qgpl339pzf7h3ymzkln3zulhxyfrhad66qythgj'],0dc45c80d82e3396aaa8f34ab6e415539d73b675908eb8a10114adff6b84e325,0.003
2021-01-18 21:48:58,['bc1qgpl339pzf7h3ymzkln3zulhxyfrhad66qythgj'],a81e24fa8edbbd248e4319901a63f402bba9d89d86162301f367ce70c70409ca,-5.36137333
2021-01-18 21:48:58,['bc1qgpl339pzf7h3ymzkln3zulhxyfrhad66qythgj'],0b3c8eaf8ce30ee375c4a4490ca090646d5a56b127135d0fbf9a45d955279e16,39.997
2021-01-18 21:48:58,['bc1qpdnegdpanatyh4m3tty7kexeu9m3jc52ll6l8f'],a81e24fa8edbbd248e4319901a63f402bba9d89d86162301f367ce70c70409ca,-8.73840099
2021-01-18 22:56:56,['bc1qgpl339pzf7h3ymzkln3zulhxyfrhad66qythgj'],1cdc58c7557247fc47703b8a5c268c8542391fd55ef6ade88ecec8b9d56343ca,-0.003
2021-01-18 22:56:56,['bc1qpdnegdpanatyh4m3tty7kexeu9m3jc52ll6l8f'],1cdc58c7557247fc47703b8a5c268c8542391fd55ef6ade88ecec8b9d56343ca,0.00185414
2021-01-18 23:25:33,['bc1qpdnegdpanatyh4m3tty7kexeu9m3jc52ll6l8f'],93189da18307b271090ebcedea1dad7381c295cf662bc69f24eee556fa75772a,-0.0011479
2021-01-19 00:35:40,['bc1qgpl339pzf7h3ymzkln3zulhxyfrhad66qythgj'],45f36a5fcfd13f7aa7f5ff68e85604509cd324d8c3c7a6a11fcde3b0f662a1f8,-39.997
2021-01-19 00:35:40,['bc1qpdnegdpanatyh4m3tty7kexeu9m3jc52ll6l8f'],45f36a5fcfd13f7aa7f5ff68e85604509cd324d8c3c7a6a11fcde3b0f662a1f8,19.99673829
2021-01-19 02:13:22,['bc1qpdnegdpanatyh4m3tty7kexeu9m3jc52ll6l8f'],7469980b9f49e29eeb90dc972137a116cf852b01fa315ca125649271a5a515f5,20.02338098
2021-01-20 22:46:45,['bc1qpdnegdpanatyh4m3tty7kexeu9m3jc52ll6l8f'],9e08bd3b8eee376fabc9d365d7f7790c454cf886a24801904e14045a873ed830,-0.00113534
2021-01-21 00:46:53,['bc1qpdnegdpanatyh4m3tty7kexeu9m3jc52ll6l8f'],00024734d0d7a9b21c714303a6d256d57bbb40375e5806331768b2ff08a3f317,2.53179074
2021-01-21 00:46:53,['bc1qpdnegdpanatyh4m3tty7kexeu9m3jc52ll6l8f'],dabb5dcc8949e1058206762788f4bcfad3f8ee43c60b16f3517190b8c8406792,-9.24914586
2021-01-24 23:56:02,['bc1qgpl339pzf7h3ymzkln3zulhxyfrhad66qythgj'],680fe858dc6e911a4d18787281dcd7d1a99a9888945a0b3fa07c84a09b69157e,5.47e-06
2021-01-26 03:32:20,['bc1qpdnegdpanatyh4m3tty7kexeu9m3jc52ll6l8f'],bf63a69242183dad40039d693c8a1c8728ba6c1bafd3162beb09435d8b220f18,3.13688919
2021-01-26 20:37:50,['bc1qgpl339pzf7h3ymzkln3zulhxyfrhad66qythgj'],7d5d176031bac93ca3c531779a0a43f42ec3c91a0fda004a710f9de162907126,-5.47e-06
2021-01-26 20:37:50,['bc1qpdnegdpanatyh4m3tty7kexeu9m3jc52ll6l8f'],7d5d176031bac93ca3c531779a0a43f42ec3c91a0fda004a710f9de162907126,-0.00120975
2021-01-26 21:15:54,['bc1qpdnegdpanatyh4m3tty7kexeu9m3jc52ll6l8f'],c5f2faade4aaf7ca7b4e99ed2778700c4fb5da849d3f16cb849dabd3e157ed55,-0.00110962
2021-01-26 21:15:54,['bc1qpdnegdpanatyh4m3tty7kexeu9m3jc52ll6l8f'],069bab8bdfc0279dab48bdc2f94d015f9548f137b35a8957cf0aa840f938d429,-2.0001081
2021-01-26 21:15:54,['bc1qpdnegdpanatyh4m3tty7kexeu9m3jc52ll6l8f'],a73bd5f9d283c5337b7327caa86afa45d62c3d54958ed1c11c0123baa02ccc4a,-2.00010811
2021-01-26 21:43:52,['bc1qpdnegdpanatyh4m3tty7kexeu9m3jc52ll6l8f'],70a9969050f45aad701d3c8dd4c109bd3cd1d2664751db91c6848e424b38aad8,-0.0011479
2021-01-26 21:43:52,['bc1qpdnegdpanatyh4m3tty7kexeu9m3jc52ll6l8f'],7ab7bcc5db7e71f8ea29de850764f6eb2309727cfdcde3f35d3ab2a521e5e2ec,-1.99934404
2021-01-26 22:07:01,['bc1qpdnegdpanatyh4m3tty7kexeu9m3jc52ll6l8f'],db53bbeaf111803e5f62ce5bd1ec3411925e4fe83b9d96cb274a0deea5e8aea2,-0.0011479
2021-01-26 22:34:24,['bc1qpdnegdpanatyh4m3tty7kexeu9m3jc52ll6l8f'],b002350a6cfb8870de79ee37581ecdd479c04073dbcde00392a646369e2feef6,-0.9991479
2021-01-26 22:40:35,['bc1qpdnegdpanatyh4m3tty7kexeu9m3jc52ll6l8f'],d4ecceeb02b2a5c907da2d156904cd08ce287a409f76f39663ece7c42f1ed6d1,-1.99910965
2021-01-27 05:05:16,['bc1qpdnegdpanatyh4m3tty7kexeu9m3jc52ll6l8f'],506c3302bd0e38bbf26b08ce41c8051d0cfaa0892c1dd627edfbc4b2ad84ffaa,-12.50952624
2021-01-27 18:40:47,['bc1qpdnegdpanatyh4m3tty7kexeu9m3jc52ll6l8f'],fa6437505dbc0c2a23b84fdbc86435ae43d7bf5649848262af111bd523c8e8a5,-2.00011882
2021-01-27 18:58:15,['bc1qpdnegdpanatyh4m3tty7kexeu9m3jc52ll6l8f'],e10e19189f37ff3a80077db13ecc760f0b66b7d17b3bb2bdd9c1f63ca7da1e43,-0.32965708
2021-01-28 02:36:48,['bc1qpdnegdpanatyh4m3tty7kexeu9m3jc52ll6l8f'],753ab2d7a4f5e4702f90ac1817a6464bfcd9e0cbbae2d5a144da61a9bb8804e3,-0.01984084
2021-01-29 20:50:52,['bc1qgpl339pzf7h3ymzkln3zulhxyfrhad66qythgj'],547e60d0209a2681befb28517077d49fe46d98055ab6decc0fd653c251cfe552,25.0
2021-01-29 21:01:24,['bc1qpdnegdpanatyh4m3tty7kexeu9m3jc52ll6l8f'],8cb0d2898ea00e37b85e67b517d55d25360ab488206431420008da66a24c8d85,-0.00026829
2021-01-29 21:01:24,['bc1qgpl339pzf7h3ymzkln3zulhxyfrhad66qythgj'],8cb0d2898ea00e37b85e67b517d55d25360ab488206431420008da66a24c8d85,-25.0
2021-01-31 14:52:41,['bc1qpdnegdpanatyh4m3tty7kexeu9m3jc52ll6l8f'],2de391316df6312ea7b2be1d4c5b07ec1f5e9ace78bb81a1daaa6f8e96c01d4f,3.13835618
2021-02-02 00:08:23,['bc1qgpl339pzf7h3ymzkln3zulhxyfrhad66qythgj'],2522acf5416cd55e48d6b532caaf002d4522d0b384bd133821630b37203e4948,0.89060951
2021-02-02 21:36:38,['bc1qpdnegdpanatyh4m3tty7kexeu9m3jc52ll6l8f'],f421d78057d8bd44e79a64cd1ef39ce1c6dd05820f3a2e3ee440a2073aa3791b,1.75100083
2021-02-02 21:36:38,['bc1qpdnegdpanatyh4m3tty7kexeu9m3jc52ll6l8f'],8a01bb231a4ad7cc623bf74bd0a2275a6cab7f48a3e714b5d0414be9225bb559,0.88943195
2021-02-02 21:36:38,['bc1qgpl339pzf7h3ymzkln3zulhxyfrhad66qythgj'],8a01bb231a4ad7cc623bf74bd0a2275a6cab7f48a3e714b5d0414be9225bb559,-0.89060951
2021-02-03 03:44:15,['bc1qpdnegdpanatyh4m3tty7kexeu9m3jc52ll6l8f'],064dc07e56e7d49b6dbf13ea19a7fbcc51734574b2f7bb9acc80c910a2b46b4b,-0.99926054
2021-02-08 18:00:12,['bc1qpdnegdpanatyh4m3tty7kexeu9m3jc52ll6l8f'],bdedf07ee6fef3ca5d6d0bc70ab1bceb8d5fc355c1ee4e37ca7683c41e6291e0,1.73591508
2021-02-09 00:04:52,['bc1qpdnegdpanatyh4m3tty7kexeu9m3jc52ll6l8f'],6abe39cda6f5aa0dd74a42d3ce7212783f47d1800aa2a35c4f191a27b597edde,-25.000525
2021-02-09 21:25:06,['bc1qgpl339pzf7h3ymzkln3zulhxyfrhad66qythgj'],af13a44d13d334802a6dba2aef54e6838e4a99058de38a074c52c62f65cbf999,100.0
2021-02-09 22:58:27,['bc1qpdnegdpanatyh4m3tty7kexeu9m3jc52ll6l8f'],68350100cfb2358ea5b5b4af3cf44439dbe556f6290f7c61086360701661898e,99.99879432
2021-02-09 22:58:27,['bc1qgpl339pzf7h3ymzkln3zulhxyfrhad66qythgj'],68350100cfb2358ea5b5b4af3cf44439dbe556f6290f7c61086360701661898e,-100.0
2021-02-09 22:59:04,['bc1qpdnegdpanatyh4m3tty7kexeu9m3jc52ll6l8f'],2b2537a0da8995eef5258845046fcacaa52f662add6277bed4ba4efdc280ff4e,-0.00120279
2021-02-09 22:59:04,['bc1qpdnegdpanatyh4m3tty7kexeu9m3jc52ll6l8f'],a7e32db4aac7d6a84117efc89ffa012a171d77fedcb2360b2359758d93ba6e8e,-12.61065921
2021-02-09 23:21:12,['bc1qpdnegdpanatyh4m3tty7kexeu9m3jc52ll6l8f'],b2944bf5c939ec595f20c05e938191f021e5c4ff55cf6454b11ea39107ed30cb,21.55489282
2021-02-09 23:21:12,['bc1qpdnegdpanatyh4m3tty7kexeu9m3jc52ll6l8f'],5d68fa752b7ecbaf391bdc8fa8abbba8159991ec6693393c252e0d2c70c806fc,-49.99920279
2021-02-11 22:28:41,['bc1qpdnegdpanatyh4m3tty7kexeu9m3jc52ll6l8f'],91afd8a732af653f897f7fef70cfd681bdd7af8b5487926c4faf1066f7139f4f,-0.00122337
2021-02-11 22:28:41,['bc1qpdnegdpanatyh4m3tty7kexeu9m3jc52ll6l8f'],a49f275516e707ec1410099c95b906963917a0bf84a3f751f0c4944f709ef1b0,-10.48422337
2021-02-12 01:22:51,['bc1qpdnegdpanatyh4m3tty7kexeu9m3jc52ll6l8f'],f732bd08d0716641f6214cf87192f58d89ba5def41566d3498ff67c79c1a12ab,-1.00024687
2021-02-12 01:22:51,['bc1qpdnegdpanatyh4m3tty7kexeu9m3jc52ll6l8f'],f04ab66616cdc501d3149d7889b0d5681e5852588d47e1260e5305dcc0982e2c,-1.00025032
2021-02-12 16:53:50,['bc1qpdnegdpanatyh4m3tty7kexeu9m3jc52ll6l8f'],7040de8a1c76a1506bf6209aa5a898e25537b19a4eea8b9d832c89a582ffaa8f,10.12523937
2021-02-12 22:52:52,['bc1qpdnegdpanatyh4m3tty7kexeu9m3jc52ll6l8f'],e1167406252eb5524a180ced5aaf2e0c255477969f52eea217bfdd8e8252b35d,0.87829823
2021-02-14 17:39:51,['bc1qpdnegdpanatyh4m3tty7kexeu9m3jc52ll6l8f'],8119b408a8338e3bdf5000e268251e16e3e9dcb80252354b8abf1717fcf9d976,9.99981701
2021-02-15 17:02:19,['bc1qpdnegdpanatyh4m3tty7kexeu9m3jc52ll6l8f'],a49b4022506a5c8194aac6d9c8c73bbb616dbd0f96d685c9ee33658a7c98742a,-20.000364
2021-02-16 16:16:47,['bc1qpdnegdpanatyh4m3tty7kexeu9m3jc52ll6l8f'],9c9eb607f899652b0636be2223393756e00e8b6e8b0e73c298493d28cf02dbc7,3.41030254
2021-02-16 18:02:37,['bc1qpdnegdpanatyh4m3tty7kexeu9m3jc52ll6l8f'],5922d425e74d5f76e9a72bd6d61e89ff2fd9b11644b80f10fc4802b31781b12b,-0.00115807
2021-02-16 18:02:37,['bc1qpdnegdpanatyh4m3tty7kexeu9m3jc52ll6l8f'],010896fdcc887eb165cced78be02f4c5df64b77be8da6a231b0b6843cdcc818d,-11.30092487
2021-02-16 18:39:19,['bc1qpdnegdpanatyh4m3tty7kexeu9m3jc52ll6l8f'],27ca5fedc6a0023808873359b51bf2d76de6655fe40e9a30fdebb96647030def,11.50027848
2021-02-18 16:49:38,['bc1qpdnegdpanatyh4m3tty7kexeu9m3jc52ll6l8f'],3d5e80027e70081f1ec34c4ae221135057a19133970ad220ea4d9c044c89edc7,3.02017356
2021-02-18 17:32:57,['bc1qpdnegdpanatyh4m3tty7kexeu9m3jc52ll6l8f'],5c84c2b87844019a6a7273322a50243a4316e1f0bd039f662bd041c011d65233,26.0
2021-02-19 22:35:11,['bc1qpdnegdpanatyh4m3tty7kexeu9m3jc52ll6l8f'],09d67038355d41fac3ecf717a576b872bc0a2671bd23e883469d4d5c2e393f29,-0.00119835
2021-02-19 22:37:44,['bc1qpdnegdpanatyh4m3tty7kexeu9m3jc52ll6l8f'],ef432727b794781c2528395d2376bb0495a3598a6531e6a17f43d18af1ebade3,-1.0001798
2021-02-19 23:10:39,['bc1qpdnegdpanatyh4m3tty7kexeu9m3jc52ll6l8f'],f4835754663d8eca01e5c36041cfe361fa55f7059353c3b99063b627ab3cd4e0,-40.00051414
2021-02-23 01:36:06,['bc1qpdnegdpanatyh4m3tty7kexeu9m3jc52ll6l8f'],575ed9fcf24be347c681470e60ddbf3ff5e0730cf364c6dee2528182fa6be447,-0.0011915
2021-02-23 01:39:51,['bc1qpdnegdpanatyh4m3tty7kexeu9m3jc52ll6l8f'],f2832f487a9ae754df88ee15d152f52fe60d1a4346ba1ba2ea4d5217f3c37846,-14.9742115
2021-02-23 18:24:30,['bc1qpdnegdpanatyh4m3tty7kexeu9m3jc52ll6l8f'],b0b0d6dc510096aea58dd3c888cd987f7e445ed3c32ec284910d781fcd9ceca8,10.48364982
2021-02-23 18:42:10,['bc1qpdnegdpanatyh4m3tty7kexeu9m3jc52ll6l8f'],8d5acc6b84311f011021ca47392739fc9b80022590cccb1b4d9ca1ebd7f56af1,-10.00023345
2021-02-23 19:32:26,['bc1qpdnegdpanatyh4m3tty7kexeu9m3jc52ll6l8f'],38dd5847974994c3d4066634bb8f2c0b066919a2d85ac3c95e422b106c7ad81f,16.72654068
2021-02-23 20:02:55,['bc1qpdnegdpanatyh4m3tty7kexeu9m3jc52ll6l8f'],9036c06e0b9bcd7edcd3da020cb6375cc0818211b10132de2c4322bb72d3bbac,-0.00122372
2021-02-23 20:59:30,['bc1qpdnegdpanatyh4m3tty7kexeu9m3jc52ll6l8f'],c464eae6d5439f3fe65e1ec08587aee776d4fe9d2fa81a82cf0c4ae7230216a2,-39.99954418
2021-02-24 13:55:43,['bc1qgpl339pzf7h3ymzkln3zulhxyfrhad66qythgj'],e02ac7160b90162d23e628318c1a195bd7f747260e122ce2322192c31ee7886f,50.0
2021-02-24 13:55:43,['bc1qgpl339pzf7h3ymzkln3zulhxyfrhad66qythgj'],94afda43c9927f52588816d499528fba382c94dbad59324d710c097e0d6eb9ed,50.0
2021-02-25 16:12:10,['bc1qpdnegdpanatyh4m3tty7kexeu9m3jc52ll6l8f'],336ae43ef172ada3e6d69856babbf6d86453cc514020c8642ca430743f901b39,100.00002926
2021-02-25 19:26:39,['bc1qpdnegdpanatyh4m3tty7kexeu9m3jc52ll6l8f'],8d0763eca6b8f86de132307635661b218ae619c56d59608cf117cff8b8d98614,-0.0012145
2021-02-25 19:38:14,['bc1qpdnegdpanatyh4m3tty7kexeu9m3jc52ll6l8f'],7dab3dbaf19143b354e741c8e7631ef7c2ad45131fc750c74a1f8eb5bdbac41e,0.00068335
2021-02-25 19:38:14,['bc1qgpl339pzf7h3ymzkln3zulhxyfrhad66qythgj'],7dab3dbaf19143b354e741c8e7631ef7c2ad45131fc750c74a1f8eb5bdbac41e,-50.0
2021-02-25 21:00:22,['bc1qpdnegdpanatyh4m3tty7kexeu9m3jc52ll6l8f'],e94529e1c08d3a39b93e176a71cf5d860438375778de82b24aedc009b22094aa,-4.34841824
2021-02-25 21:00:22,['bc1qgpl339pzf7h3ymzkln3zulhxyfrhad66qythgj'],e94529e1c08d3a39b93e176a71cf5d860438375778de82b24aedc009b22094aa,-50.0
2021-02-26 17:27:05,['bc1qpdnegdpanatyh4m3tty7kexeu9m3jc52ll6l8f'],c791ca2194430cb3502dd33c6cba737d90657e9b5d567072c7b212bad1af1ea9,-40.00021326
2021-02-27 20:25:33,['bc1qpdnegdpanatyh4m3tty7kexeu9m3jc52ll6l8f'],258f7029ec4a264a662dbe276e659f3ea9d60886da17dbf02fb1974777f42726,-7.25019664
2021-03-01 00:26:04,['bc1qpdnegdpanatyh4m3tty7kexeu9m3jc52ll6l8f'],e7e4f47563b0e87db68cbb91c042c1d103ac10a61737890ea3bacc864954d92f,-0.00115114
2021-03-01 01:35:32,['bc1qpdnegdpanatyh4m3tty7kexeu9m3jc52ll6l8f'],72a11df23f14e68fb0cdfa48a6f329983769c22a2fe2b913a2c8066513e23c6b,-21.23830116
2021-03-02 18:04:20,['bc1qgpl339pzf7h3ymzkln3zulhxyfrhad66qythgj'],b08ba5552fe6d54f6c683819983cc5f9cdf521b5f13f0c64b0690e9bc2e793cd,50.00788934
2021-03-02 18:04:20,['bc1qgpl339pzf7h3ymzkln3zulhxyfrhad66qythgj'],031fe2f8381efc25f4b0d6021cfb497914e24055fc5ff2042b49c1b0a1be1e52,0.01
2021-03-02 18:15:44,['bc1qpdnegdpanatyh4m3tty7kexeu9m3jc52ll6l8f'],f2cae708b6a0fd18a51496a70e62d692bc74a265dfdb228dda6be690321c7aca,0.00883199
2021-03-02 18:15:44,['bc1qgpl339pzf7h3ymzkln3zulhxyfrhad66qythgj'],f2cae708b6a0fd18a51496a70e62d692bc74a265dfdb228dda6be690321c7aca,-0.01
2021-03-02 18:30:22,['bc1qpdnegdpanatyh4m3tty7kexeu9m3jc52ll6l8f'],5cec80a6fbfba03bf5a0733e36c33a566c624dcf9562a692a64c6591e5086cc5,0.00752534
2021-03-02 18:30:22,['bc1qgpl339pzf7h3ymzkln3zulhxyfrhad66qythgj'],5cec80a6fbfba03bf5a0733e36c33a566c624dcf9562a692a64c6591e5086cc5,-50.00788934
2021-03-03 18:27:04,['bc1qpdnegdpanatyh4m3tty7kexeu9m3jc52ll6l8f'],c95fd1625d628281204988ac94577aad378ca8350378f7d3120d75d341f74fe3,-10.00017007
2021-03-04 19:34:45,['bc1qpdnegdpanatyh4m3tty7kexeu9m3jc52ll6l8f'],f50c5a23102b5824435dac84672965cb6f80d115aa91b8d1f110ea53b6eaddb2,-19.88101211
2021-03-09 20:19:11,['bc1qpdnegdpanatyh4m3tty7kexeu9m3jc52ll6l8f'],400d408f0138867204f3861ca50300e796875c06aed6de45918628d878d14b97,1.41208334
2021-03-10 00:11:28,['bc1qpdnegdpanatyh4m3tty7kexeu9m3jc52ll6l8f'],024dfba1ad209dcef9110a601cf946e138d866f6b7537d21a5c79e0a6b12e2fd,102.25
2021-03-10 00:11:28,['bc1qgpl339pzf7h3ymzkln3zulhxyfrhad66qythgj'],7d15ab0e37966bb3ee868e35b9252ead2b35a95fba81e9e8d3be82da693aab85,48.96082219
2021-03-10 00:20:09,['bc1qgpl339pzf7h3ymzkln3zulhxyfrhad66qythgj'],a7f9a9d9966fe59a3608740c5becf10f125391a27642a6664086b63e8472fc07,-48.96082219
2021-03-10 00:20:09,['bc1qpdnegdpanatyh4m3tty7kexeu9m3jc52ll6l8f'],a7f9a9d9966fe59a3608740c5becf10f125391a27642a6664086b63e8472fc07,-1.03938325
2021-03-10 17:56:23,['bc1qpdnegdpanatyh4m3tty7kexeu9m3jc52ll6l8f'],1c7fe72e810cb79d560b1300bd0ca92776a1580d6dd150582b154371558f6772,-20.0001945
2021-03-10 17:56:23,['bc1qgpl339pzf7h3ymzkln3zulhxyfrhad66qythgj'],6788cad43caa81724cae4a45bdbe76162731b402d243773dae2efd9a79ba5c0d,1.23147563
2021-03-10 19:29:42,['bc1qpdnegdpanatyh4m3tty7kexeu9m3jc52ll6l8f'],c52ac57b754735ea93970314f2f744abb829b74307706d251f8a6ea4be7c8c02,-48.76872153
2021-03-10 19:29:42,['bc1qgpl339pzf7h3ymzkln3zulhxyfrhad66qythgj'],c52ac57b754735ea93970314f2f744abb829b74307706d251f8a6ea4be7c8c02,-1.23147563
2021-03-11 20:11:20,['bc1qpdnegdpanatyh4m3tty7kexeu9m3jc52ll6l8f'],9cc140e6121fb62bb8c65c23006a80ea8ca64fcc8814261f4a23385f2fc05432,-0.00113762
2021-03-11 21:33:54,['bc1qpdnegdpanatyh4m3tty7kexeu9m3jc52ll6l8f'],86af9b4273cd51fe0ce7a3f6e61f545ad134d025a168b9c6ed77d72e47c23abf,-1.46143766
2021-03-15 19:17:29,['bc1qgpl339pzf7h3ymzkln3zulhxyfrhad66qythgj'],f305d606ae3d9f23c162e7d892e0446e47f2d093ef43f24c421d66e5e008cb9b,1.08079896
2021-03-17 01:48:18,['bc1qpdnegdpanatyh4m3tty7kexeu9m3jc52ll6l8f'],5c514e44de4b641a919a0f365c7bd8142871b7852a6b06f29f3562e329e4a1b5,0.08064477
2021-03-17 01:48:18,['bc1qpdnegdpanatyh4m3tty7kexeu9m3jc52ll6l8f'],73d0fcc76fa6dbc703f51cf67f4c20c481645055a5a5e60e99e7427c959f48a7,-1.00015206
2021-03-17 01:48:18,['bc1qgpl339pzf7h3ymzkln3zulhxyfrhad66qythgj'],5c514e44de4b641a919a0f365c7bd8142871b7852a6b06f29f3562e329e4a1b5,-1.08079896
2021-03-17 20:25:15,['bc1qpdnegdpanatyh4m3tty7kexeu9m3jc52ll6l8f'],8792397067428558d31f9f317b8e10d86704aafc7342609515baa3b8ce71b974,-1.00023593
2021-03-17 22:32:10,['bc1qgpl339pzf7h3ymzkln3zulhxyfrhad66qythgj'],6d9c025118ba69b566d91927722c8d064781ecf1910c4474201c24c5714c5214,7.887291
2021-03-18 20:00:39,['bc1qpdnegdpanatyh4m3tty7kexeu9m3jc52ll6l8f'],2053c9d81b8b395374477cfb41056d377bc35ebf85e5d6009584a22e5a4d5f82,6.887124
2021-03-18 20:00:39,['bc1qgpl339pzf7h3ymzkln3zulhxyfrhad66qythgj'],2053c9d81b8b395374477cfb41056d377bc35ebf85e5d6009584a22e5a4d5f82,-7.887291
2021-03-18 20:10:17,['bc1qpdnegdpanatyh4m3tty7kexeu9m3jc52ll6l8f'],9039a9c27307f9221bf206076b4125a9e1642a796ad8e539b281a8eb587e1303,-1.00016935
2021-03-24 20:53:26,['bc1qgpl339pzf7h3ymzkln3zulhxyfrhad66qythgj'],cdda7df1e4eb711e171f954261fa045f96725b272a096db91bc0fc5925dd7d5d,0.001
2021-03-24 21:08:57,['bc1qgpl339pzf7h3ymzkln3zulhxyfrhad66qythgj'],5f725bc13f4925b237a26c92e20f296f2619345e31f78b69563bdc743fb37392,16.1943
2021-03-25 15:21:24,['bc1qpdnegdpanatyh4m3tty7kexeu9m3jc52ll6l8f'],0a119a1f4ee1eee3ebcc33d2db81b4fadb8ebf686d6f645ee4feaf866d6b57f8,1.00404331
2021-03-25 15:53:34,['bc1qpdnegdpanatyh4m3tty7kexeu9m3jc52ll6l8f'],761ecadef33f92cfa46ff0eb66eafbbc090cb712229b97ff773352432ebe2e3b,0.93343587
2021-03-25 19:46:23,['bc1qpdnegdpanatyh4m3tty7kexeu9m3jc52ll6l8f'],33eb2e15bc8b475b8641319ba518cb6dd30224f1811ea346b37e86d46f47cbc7,-0.00015212
2021-03-25 19:46:23,['bc1qgpl339pzf7h3ymzkln3zulhxyfrhad66qythgj'],33eb2e15bc8b475b8641319ba518cb6dd30224f1811ea346b37e86d46f47cbc7,-0.001
2021-03-25 20:04:03,['bc1qpdnegdpanatyh4m3tty7kexeu9m3jc52ll6l8f'],2f69a4481f67f6fa33411d1fa1b64c221186383b30aa8f6924ce5f454e81bca1,-0.00110261
2021-03-25 20:04:03,['bc1qgpl339pzf7h3ymzkln3zulhxyfrhad66qythgj'],1da429cb288288ffcea974c4db28bcd0f32bf9dcb714ea238fbb299453fe42b8,11.0
2021-03-28 01:09:39,['bc1qpdnegdpanatyh4m3tty7kexeu9m3jc52ll6l8f'],8c92239edf4e773040566c63cca8fd96cafd8c7a9a9a2ce4ee5b897beecf318f,-4.45160243
2021-03-28 01:09:39,['bc1qpdnegdpanatyh4m3tty7kexeu9m3jc52ll6l8f'],a84a61649f9e802dfd5a41cbcc32c029ff1703a3c1b15a1d016d031aad162e47,-31.6456634
2021-03-28 01:09:39,['bc1qgpl339pzf7h3ymzkln3zulhxyfrhad66qythgj'],8c92239edf4e773040566c63cca8fd96cafd8c7a9a9a2ce4ee5b897beecf318f,-27.1943
2021-03-29 16:05:18,['bc1qgpl339pzf7h3ymzkln3zulhxyfrhad66qythgj'],50a5492ee6a055229f19d824932fb587d7284f00ac08cea388ece547c8a6cd29,25.0
2021-03-29 16:44:55,['bc1qpdnegdpanatyh4m3tty7kexeu9m3jc52ll6l8f'],be42574c92af851e1eb749cb7fe933910f55213a072fde0acf58754d060dbd56,-0.00021406
2021-03-29 16:44:55,['bc1qgpl339pzf7h3ymzkln3zulhxyfrhad66qythgj'],be42574c92af851e1eb749cb7fe933910f55213a072fde0acf58754d060dbd56,-25.0
2021-03-30 14:48:04,['bc1qgpl339pzf7h3ymzkln3zulhxyfrhad66qythgj'],c0170fa0e603cc7e76f1e1bfa576b7e1b65c8d0cba95eabaf8b2b02567f88b72,32.00832854
2021-03-30 15:33:30,['bc1qgpl339pzf7h3ymzkln3zulhxyfrhad66qythgj'],285844af94666fe1bd81a4196789f33bad850f0acc86df43f031ed4b74eea4d0,2.19686299
2021-03-30 15:35:46,['bc1qpdnegdpanatyh4m3tty7kexeu9m3jc52ll6l8f'],5d78ce85997d2e019429951f9a845a5cbd66f4cfbfcda4ec869f5d9ea1f7af92,-0.75883057
2021-03-30 15:35:46,['bc1qgpl339pzf7h3ymzkln3zulhxyfrhad66qythgj'],5d78ce85997d2e019429951f9a845a5cbd66f4cfbfcda4ec869f5d9ea1f7af92,-32.00832854
2021-04-01 15:09:32,['bc1qpdnegdpanatyh4m3tty7kexeu9m3jc52ll6l8f'],f463b2c9cf4c5692b1ab54cc714de78b4587c530df9934537d17275a62356785,-0.24010756
2021-04-01 15:09:32,['bc1qpdnegdpanatyh4m3tty7kexeu9m3jc52ll6l8f'],7ef454f8e46e598b197124c43897d639c9fb2dd97a9875581d6d9cd94a220227,16.90243364
2021-04-04 15:35:29,['bc1qpdnegdpanatyh4m3tty7kexeu9m3jc52ll6l8f'],38873ec318eda8c7db44d004dcea2cd731a1f265f2e40c80d5ed7fc0623e3813,2.316994
2021-04-04 15:35:29,['bc1qpdnegdpanatyh4m3tty7kexeu9m3jc52ll6l8f'],cf4ec8d7eea462b7562ccf16ab23ea7bc1b279c526db89974b2d154e2d9bcd86,-16.80338181
2021-04-04 15:35:29,['bc1qgpl339pzf7h3ymzkln3zulhxyfrhad66qythgj'],cf4ec8d7eea462b7562ccf16ab23ea7bc1b279c526db89974b2d154e2d9bcd86,-2.19686299
2021-04-12 16:00:55,['bc1qpdnegdpanatyh4m3tty7kexeu9m3jc52ll6l8f'],995625c4fb7790a3c645aacc25be2c6c84ce28735d1a4d6f38b926ff82ca4c15,-2.97278523
2021-04-19 18:36:46,['bc1qpdnegdpanatyh4m3tty7kexeu9m3jc52ll6l8f'],9f34c4b728977ff12910d88aff65735c1dabb70288d520da417b7709b71f7b81,10.21016217
2021-04-22 21:36:54,['bc1qgpl339pzf7h3ymzkln3zulhxyfrhad66qythgj'],11af02f88e1ca4eca9682f35aae881085aa89cc5ae5f85e4df3dedf93b6f0a3b,19.98
2021-04-22 22:04:10,['bc1qgpl339pzf7h3ymzkln3zulhxyfrhad66qythgj'],87f110d85e6f6275676f1f543c1a4e7d6e0220168ba4c9af74db0dbf02ffa560,-19.98
2021-04-22 22:04:10,['bc1qpdnegdpanatyh4m3tty7kexeu9m3jc52ll6l8f'],87f110d85e6f6275676f1f543c1a4e7d6e0220168ba4c9af74db0dbf02ffa560,-0.02075325
2021-04-22 22:16:54,['bc1qpdnegdpanatyh4m3tty7kexeu9m3jc52ll6l8f'],9dfdad99eca79db41d4c1be0d39770b510c5cc99e14d2fd8a329ab34c457566d,-5.00039008
2021-04-24 13:13:07,['bc1qgpl339pzf7h3ymzkln3zulhxyfrhad66qythgj'],a43227346279390d4201a08f84cb184fc0c5430f33dae250ad1c969a9317501b,50.0
2021-04-29 17:53:25,['bc1qpdnegdpanatyh4m3tty7kexeu9m3jc52ll6l8f'],9743ef449450cdda8ae53415d0625df29e032cdd7bc35842819a8e8da3f1a277,-0.00123392
2021-05-01 15:49:47,['bc1qpdnegdpanatyh4m3tty7kexeu9m3jc52ll6l8f'],69f808286ec3feea9e74a5071d5ff600e83bb25cd5c1bdfbc88fe7e6e0897ba8,-1.40548173
2021-05-05 21:48:47,['bc1qpdnegdpanatyh4m3tty7kexeu9m3jc52ll6l8f'],354ad9979a3c13a4f66c478479bec4775c41551d3d833e3a712d971bd21c9135,-2.87683036
